Workbook

Sheet Allocation
A1: Total Supply | B1: 100000000 | D1: Defaults: Chapter 4 "Balanced" scenario (Scenario C) with the worked-example 100M total supply. Change % / cliff / vest and everything downstream recalculates.
A3: Category | B3: Percent | C3: Tokens | D3: Cliff (months) | E3: Vest (months)
A4: Team & Founders | B4: 0.2 | C4: =B4*$B$1 | D4: 12 | E4: 48
A5: Investors | B5: 0.12 | C5: =B5*$B$1 | D5: 0 | E5: 30
A6: Community | B6: 0.35 | C6: =B6*$B$1 | D6: 0 | E6: 48
A7: Liquidity Pool | B7: 0.08 | C7: =B7*$B$1 | D7: 0 | E7: 0
A8: Marketing | B8: 0.05 | C8: =B8*$B$1 | D8: 0 | E8: 12
A9: Treasury | B9: 0.2 | C9: =B9*$B$1 | D9: 0 | E9: 36
A10: TOTAL | B10: =SUM(B4:B9) | C10: =SUM(C4:C9)

Sheet Vesting
A1: Cumulative unlocked tokens by month (per category). Nothing unlocks before the cliff; at and after the cliff, unlocking is linear over the vest length (vest 0 = fully unlocked at launch).
A2: Month | B2: Team & Founders | C2: Investors | D2: Community | E2: Liquidity Pool | F2: Marketing | G2: Treasury | H2: Total Unlocked
A3: 0 | B3: =IF(Allocation!$E$4=0,Allocation!$C$4,IF($A3<Allocation!$D$4,0,Allocation!$C$4*MIN($A3/Allocation!$E$4,1))) | C3: =IF(Allocation!$E$5=0,Allocation!$C$5,IF($A3<Allocation!$D$5,0,Allocation!$C$5*MIN($A3/Allocation!$E$5,1))) | D3: =IF(Allocation!$E$6=0,Allocation!$C$6,IF($A3<Allocation!$D$6,0,Allocation!$C$6*MIN($A3/Allocation!$E$6,1))) | E3: =IF(Allocation!$E$7=0,Allocation!$C$7,IF($A3<Allocation!$D$7,0,Allocation!$C$7*MIN($A3/Allocation!$E$7,1))) | F3: =IF(Allocation!$E$8=0,Allocation!$C$8,IF($A3<Allocation!$D$8,0,Allocation!$C$8*MIN($A3/Allocation!$E$8,1))) | G3: =IF(Allocation!$E$9=0,Allocation!$C$9,IF($A3<Allocation!$D$9,0,Allocation!$C$9*MIN($A3/Allocation!$E$9,1))) | H3: =SUM(B3:G3)
A4: 1 | B4: =IF(Allocation!$E$4=0,Allocation!$C$4,IF($A4<Allocation!$D$4,0,Allocation!$C$4*MIN($A4/Allocation!$E$4,1))) | C4: =IF(Allocation!$E$5=0,Allocation!$C$5,IF($A4<Allocation!$D$5,0,Allocation!$C$5*MIN($A4/Allocation!$E$5,1))) | D4: =IF(Allocation!$E$6=0,Allocation!$C$6,IF($A4<Allocation!$D$6,0,Allocation!$C$6*MIN($A4/Allocation!$E$6,1))) | E4: =IF(Allocation!$E$7=0,Allocation!$C$7,IF($A4<Allocation!$D$7,0,Allocation!$C$7*MIN($A4/Allocation!$E$7,1))) | F4: =IF(Allocation!$E$8=0,Allocation!$C$8,IF($A4<Allocation!$D$8,0,Allocation!$C$8*MIN($A4/Allocation!$E$8,1))) | G4: =IF(Allocation!$E$9=0,Allocation!$C$9,IF($A4<Allocation!$D$9,0,Allocation!$C$9*MIN($A4/Allocation!$E$9,1))) | H4: =SUM(B4:G4)
A5: 2 | B5: =IF(Allocation!$E$4=0,Allocation!$C$4,IF($A5<Allocation!$D$4,0,Allocation!$C$4*MIN($A5/Allocation!$E$4,1))) | C5: =IF(Allocation!$E$5=0,Allocation!$C$5,IF($A5<Allocation!$D$5,0,Allocation!$C$5*MIN($A5/Allocation!$E$5,1))) | D5: =IF(Allocation!$E$6=0,Allocation!$C$6,IF($A5<Allocation!$D$6,0,Allocation!$C$6*MIN($A5/Allocation!$E$6,1))) | E5: =IF(Allocation!$E$7=0,Allocation!$C$7,IF($A5<Allocation!$D$7,0,Allocation!$C$7*MIN($A5/Allocation!$E$7,1))) | F5: =IF(Allocation!$E$8=0,Allocation!$C$8,IF($A5<Allocation!$D$8,0,Allocation!$C$8*MIN($A5/Allocation!$E$8,1))) | G5: =IF(Allocation!$E$9=0,Allocation!$C$9,IF($A5<Allocation!$D$9,0,Allocation!$C$9*MIN($A5/Allocation!$E$9,1))) | H5: =SUM(B5:G5)
A6: 3 | B6: =IF(Allocation!$E$4=0,Allocation!$C$4,IF($A6<Allocation!$D$4,0,Allocation!$C$4*MIN($A6/Allocation!$E$4,1))) | C6: =IF(Allocation!$E$5=0,Allocation!$C$5,IF($A6<Allocation!$D$5,0,Allocation!$C$5*MIN($A6/Allocation!$E$5,1))) | D6: =IF(Allocation!$E$6=0,Allocation!$C$6,IF($A6<Allocation!$D$6,0,Allocation!$C$6*MIN($A6/Allocation!$E$6,1))) | E6: =IF(Allocation!$E$7=0,Allocation!$C$7,IF($A6<Allocation!$D$7,0,Allocation!$C$7*MIN($A6/Allocation!$E$7,1))) | F6: =IF(Allocation!$E$8=0,Allocation!$C$8,IF($A6<Allocation!$D$8,0,Allocation!$C$8*MIN($A6/Allocation!$E$8,1))) | G6: =IF(Allocation!$E$9=0,Allocation!$C$9,IF($A6<Allocation!$D$9,0,Allocation!$C$9*MIN($A6/Allocation!$E$9,1))) | H6: =SUM(B6:G6)
A7: 4 | B7: =IF(Allocation!$E$4=0,Allocation!$C$4,IF($A7<Allocation!$D$4,0,Allocation!$C$4*MIN($A7/Allocation!$E$4,1))) | C7: =IF(Allocation!$E$5=0,Allocation!$C$5,IF($A7<Allocation!$D$5,0,Allocation!$C$5*MIN($A7/Allocation!$E$5,1))) | D7: =IF(Allocation!$E$6=0,Allocation!$C$6,IF($A7<Allocation!$D$6,0,Allocation!$C$6*MIN($A7/Allocation!$E$6,1))) | E7: =IF(Allocation!$E$7=0,Allocation!$C$7,IF($A7<Allocation!$D$7,0,Allocation!$C$7*MIN($A7/Allocation!$E$7,1))) | F7: =IF(Allocation!$E$8=0,Allocation!$C$8,IF($A7<Allocation!$D$8,0,Allocation!$C$8*MIN($A7/Allocation!$E$8,1))) | G7: =IF(Allocation!$E$9=0,Allocation!$C$9,IF($A7<Allocation!$D$9,0,Allocation!$C$9*MIN($A7/Allocation!$E$9,1))) | H7: =SUM(B7:G7)
A8: 5 | B8: =IF(Allocation!$E$4=0,Allocation!$C$4,IF($A8<Allocation!$D$4,0,Allocation!$C$4*MIN($A8/Allocation!$E$4,1))) | C8: =IF(Allocation!$E$5=0,Allocation!$C$5,IF($A8<Allocation!$D$5,0,Allocation!$C$5*MIN($A8/Allocation!$E$5,1))) | D8: =IF(Allocation!$E$6=0,Allocation!$C$6,IF($A8<Allocation!$D$6,0,Allocation!$C$6*MIN($A8/Allocation!$E$6,1))) | E8: =IF(Allocation!$E$7=0,Allocation!$C$7,IF($A8<Allocation!$D$7,0,Allocation!$C$7*MIN($A8/Allocation!$E$7,1))) | F8: =IF(Allocation!$E$8=0,Allocation!$C$8,IF($A8<Allocation!$D$8,0,Allocation!$C$8*MIN($A8/Allocation!$E$8,1))) | G8: =IF(Allocation!$E$9=0,Allocation!$C$9,IF($A8<Allocation!$D$9,0,Allocation!$C$9*MIN($A8/Allocation!$E$9,1))) | H8: =SUM(B8:G8)
A9: 6 | B9: =IF(Allocation!$E$4=0,Allocation!$C$4,IF($A9<Allocation!$D$4,0,Allocation!$C$4*MIN($A9/Allocation!$E$4,1))) | C9: =IF(Allocation!$E$5=0,Allocation!$C$5,IF($A9<Allocation!$D$5,0,Allocation!$C$5*MIN($A9/Allocation!$E$5,1))) | D9: =IF(Allocation!$E$6=0,Allocation!$C$6,IF($A9<Allocation!$D$6,0,Allocation!$C$6*MIN($A9/Allocation!$E$6,1))) | E9: =IF(Allocation!$E$7=0,Allocation!$C$7,IF($A9<Allocation!$D$7,0,Allocation!$C$7*MIN($A9/Allocation!$E$7,1))) | F9: =IF(Allocation!$E$8=0,Allocation!$C$8,IF($A9<Allocation!$D$8,0,Allocation!$C$8*MIN($A9/Allocation!$E$8,1))) | G9: =IF(Allocation!$E$9=0,Allocation!$C$9,IF($A9<Allocation!$D$9,0,Allocation!$C$9*MIN($A9/Allocation!$E$9,1))) | H9: =SUM(B9:G9)
A10: 7 | B10: =IF(Allocation!$E$4=0,Allocation!$C$4,IF($A10<Allocation!$D$4,0,Allocation!$C$4*MIN($A10/Allocation!$E$4,1))) | C10: =IF(Allocation!$E$5=0,Allocation!$C$5,IF($A10<Allocation!$D$5,0,Allocation!$C$5*MIN($A10/Allocation!$E$5,1))) | D10: =IF(Allocation!$E$6=0,Allocation!$C$6,IF($A10<Allocation!$D$6,0,Allocation!$C$6*MIN($A10/Allocation!$E$6,1))) | E10: =IF(Allocation!$E$7=0,Allocation!$C$7,IF($A10<Allocation!$D$7,0,Allocation!$C$7*MIN($A10/Allocation!$E$7,1))) | F10: =IF(Allocation!$E$8=0,Allocation!$C$8,IF($A10<Allocation!$D$8,0,Allocation!$C$8*MIN($A10/Allocation!$E$8,1))) | G10: =IF(Allocation!$E$9=0,Allocation!$C$9,IF($A10<Allocation!$D$9,0,Allocation!$C$9*MIN($A10/Allocation!$E$9,1))) | H10: =SUM(B10:G10)
A11: 8 | B11: =IF(Allocation!$E$4=0,Allocation!$C$4,IF($A11<Allocation!$D$4,0,Allocation!$C$4*MIN($A11/Allocation!$E$4,1))) | C11: =IF(Allocation!$E$5=0,Allocation!$C$5,IF($A11<Allocation!$D$5,0,Allocation!$C$5*MIN($A11/Allocation!$E$5,1))) | D11: =IF(Allocation!$E$6=0,Allocation!$C$6,IF($A11<Allocation!$D$6,0,Allocation!$C$6*MIN($A11/Allocation!$E$6,1))) | E11: =IF(Allocation!$E$7=0,Allocation!$C$7,IF($A11<Allocation!$D$7,0,Allocation!$C$7*MIN($A11/Allocation!$E$7,1))) | F11: =IF(Allocation!$E$8=0,Allocation!$C$8,IF($A11<Allocation!$D$8,0,Allocation!$C$8*MIN($A11/Allocation!$E$8,1))) | G11: =IF(Allocation!$E$9=0,Allocation!$C$9,IF($A11<Allocation!$D$9,0,Allocation!$C$9*MIN($A11/Allocation!$E$9,1))) | H11: =SUM(B11:G11)
A12: 9 | B12: =IF(Allocation!$E$4=0,Allocation!$C$4,IF($A12<Allocation!$D$4,0,Allocation!$C$4*MIN($A12/Allocation!$E$4,1))) | C12: =IF(Allocation!$E$5=0,Allocation!$C$5,IF($A12<Allocation!$D$5,0,Allocation!$C$5*MIN($A12/Allocation!$E$5,1))) | D12: =IF(Allocation!$E$6=0,Allocation!$C$6,IF($A12<Allocation!$D$6,0,Allocation!$C$6*MIN($A12/Allocation!$E$6,1))) | E12: =IF(Allocation!$E$7=0,Allocation!$C$7,IF($A12<Allocation!$D$7,0,Allocation!$C$7*MIN($A12/Allocation!$E$7,1))) | F12: =IF(Allocation!$E$8=0,Allocation!$C$8,IF($A12<Allocation!$D$8,0,Allocation!$C$8*MIN($A12/Allocation!$E$8,1))) | G12: =IF(Allocation!$E$9=0,Allocation!$C$9,IF($A12<Allocation!$D$9,0,Allocation!$C$9*MIN($A12/Allocation!$E$9,1))) | H12: =SUM(B12:G12)
A13: 10 | B13: =IF(Allocation!$E$4=0,Allocation!$C$4,IF($A13<Allocation!$D$4,0,Allocation!$C$4*MIN($A13/Allocation!$E$4,1))) | C13: =IF(Allocation!$E$5=0,Allocation!$C$5,IF($A13<Allocation!$D$5,0,Allocation!$C$5*MIN($A13/Allocation!$E$5,1))) | D13: =IF(Allocation!$E$6=0,Allocation!$C$6,IF($A13<Allocation!$D$6,0,Allocation!$C$6*MIN($A13/Allocation!$E$6,1))) | E13: =IF(Allocation!$E$7=0,Allocation!$C$7,IF($A13<Allocation!$D$7,0,Allocation!$C$7*MIN($A13/Allocation!$E$7,1))) | F13: =IF(Allocation!$E$8=0,Allocation!$C$8,IF($A13<Allocation!$D$8,0,Allocation!$C$8*MIN($A13/Allocation!$E$8,1))) | G13: =IF(Allocation!$E$9=0,Allocation!$C$9,IF($A13<Allocation!$D$9,0,Allocation!$C$9*MIN($A13/Allocation!$E$9,1))) | H13: =SUM(B13:G13)
A14: 11 | B14: =IF(Allocation!$E$4=0,Allocation!$C$4,IF($A14<Allocation!$D$4,0,Allocation!$C$4*MIN($A14/Allocation!$E$4,1))) | C14: =IF(Allocation!$E$5=0,Allocation!$C$5,IF($A14<Allocation!$D$5,0,Allocation!$C$5*MIN($A14/Allocation!$E$5,1))) | D14: =IF(Allocation!$E$6=0,Allocation!$C$6,IF($A14<Allocation!$D$6,0,Allocation!$C$6*MIN($A14/Allocation!$E$6,1))) | E14: =IF(Allocation!$E$7=0,Allocation!$C$7,IF($A14<Allocation!$D$7,0,Allocation!$C$7*MIN($A14/Allocation!$E$7,1))) | F14: =IF(Allocation!$E$8=0,Allocation!$C$8,IF($A14<Allocation!$D$8,0,Allocation!$C$8*MIN($A14/Allocation!$E$8,1))) | G14: =IF(Allocation!$E$9=0,Allocation!$C$9,IF($A14<Allocation!$D$9,0,Allocation!$C$9*MIN($A14/Allocation!$E$9,1))) | H14: =SUM(B14:G14)
... A39: 36 | B39: =IF(Allocation!$E$4=0,Allocation!$C$4,IF($A39<Allocation!$D$4,0,Allocation!$C$4*MIN($A39/Allocation!$E$4,1))) | C39: =IF(Allocation!$E$5=0,Allocation!$C$5,IF($A39<Allocation!$D$5,0,Allocation!$C$5*MIN($A39/Allocation!$E$5,1))) | D39: =IF(Allocation!$E$6=0,Allocation!$C$6,IF($A39<Allocation!$D$6,0,Allocation!$C$6*MIN($A39/Allocation!$E$6,1))) | E39: =IF(Allocation!$E$7=0,Allocation!$C$7,IF($A39<Allocation!$D$7,0,Allocation!$C$7*MIN($A39/Allocation!$E$7,1))) | F39: =IF(Allocation!$E$8=0,Allocation!$C$8,IF($A39<Allocation!$D$8,0,Allocation!$C$8*MIN($A39/Allocation!$E$8,1))) | G39: =IF(Allocation!$E$9=0,Allocation!$C$9,IF($A39<Allocation!$D$9,0,Allocation!$C$9*MIN($A39/Allocation!$E$9,1))) | H39: =SUM(B39:G39)

Sheet Circulating
A1: Circulating supply = cumulative unlocked tokens from the Vesting tab. Monthly Unlocks = new tokens hitting the float that month.
A2: Month | B2: Circulating Supply | C2: % of Total Supply | D2: Monthly Unlocks
A3: 0 | B3: =Vesting!H3 | C3: =B3/Allocation!$B$1 | D3: =B3
A4: 1 | B4: =Vesting!H4 | C4: =B4/Allocation!$B$1 | D4: =B4-B3
A5: 2 | B5: =Vesting!H5 | C5: =B5/Allocation!$B$1 | D5: =B5-B4
A6: 3 | B6: =Vesting!H6 | C6: =B6/Allocation!$B$1 | D6: =B6-B5
A7: 4 | B7: =Vesting!H7 | C7: =B7/Allocation!$B$1 | D7: =B7-B6
A8: 5 | B8: =Vesting!H8 | C8: =B8/Allocation!$B$1 | D8: =B8-B7
A9: 6 | B9: =Vesting!H9 | C9: =B9/Allocation!$B$1 | D9: =B9-B8
A10: 7 | B10: =Vesting!H10 | C10: =B10/Allocation!$B$1 | D10: =B10-B9
A11: 8 | B11: =Vesting!H11 | C11: =B11/Allocation!$B$1 | D11: =B11-B10
A12: 9 | B12: =Vesting!H12 | C12: =B12/Allocation!$B$1 | D12: =B12-B11
A13: 10 | B13: =Vesting!H13 | C13: =B13/Allocation!$B$1 | D13: =B13-B12
A14: 11 | B14: =Vesting!H14 | C14: =B14/Allocation!$B$1 | D14: =B14-B13
A15: 12 | B15: =Vesting!H15 | C15: =B15/Allocation!$B$1 | D15: =B15-B14
... A39: 36 | B39: =Vesting!H39 | C39: =B39/Allocation!$B$1 | D39: =B39-B38

Sheet Demand
A1: Inputs
A2: Starting users (month 1) | B2: 100 | D2: Defaults from the chapter worked example: $200,000/yr fees at $0.10 = 2M tokens burned/yr (≈167k/mo); 5% year-1 inflation = 5M tokens/yr (≈417k/mo); tokens-held-per-user = Ch. 7 Builder tier (500).
A3: Monthly user growth | B3: 0.25
A4: Tokens held per user (Ch. 7 tier) | B4: 500
A5: Monthly protocol fees (USD) | B5: 16667
A6: Token price (USD) | B6: 0.1
A7: Annual emissions (staking inflation) | B7: 0.05
A9: Month | B9: Users | C9: Tokens Held / User | D9: Tokens Locked | E9: Newly Locked | F9: Monthly Burns | G9: Monthly Unlocks | H9: Monthly Emissions | I9: Net Demand | J9: Inflection?
A10: 1 | B10: =$B$2 | C10: =$B$4 | D10: =B10*C10 | E10: =D10 | F10: =$B$5/$B$6 | G10: =Circulating!D4 | H10: =Allocation!$B$1*$B$7/12 | I10: =(F10+E10)-(G10+H10) | J10: =IF(F10+E10>=G10+H10,"INFLECTION","-")
A11: 2 | B11: =ROUND(B10*(1+$B$3),0) | C11: =$B$4 | D11: =B11*C11 | E11: =D11-D10 | F11: =$B$5/$B$6 | G11: =Circulating!D5 | H11: =Allocation!$B$1*$B$7/12 | I11: =(F11+E11)-(G11+H11) | J11: =IF(F11+E11>=G11+H11,"INFLECTION","-")
A12: 3 | B12: =ROUND(B11*(1+$B$3),0) | C12: =$B$4 | D12: =B12*C12 | E12: =D12-D11 | F12: =$B$5/$B$6 | G12: =Circulating!D6 | H12: =Allocation!$B$1*$B$7/12 | I12: =(F12+E12)-(G12+H12) | J12: =IF(F12+E12>=G12+H12,"INFLECTION","-")
A13: 4 | B13: =ROUND(B12*(1+$B$3),0) | C13: =$B$4 | D13: =B13*C13 | E13: =D13-D12 | F13: =$B$5/$B$6 | G13: =Circulating!D7 | H13: =Allocation!$B$1*$B$7/12 | I13: =(F13+E13)-(G13+H13) | J13: =IF(F13+E13>=G13+H13,"INFLECTION","-")
A14: 5 | B14: =ROUND(B13*(1+$B$3),0) | C14: =$B$4 | D14: =B14*C14 | E14: =D14-D13 | F14: =$B$5/$B$6 | G14: =Circulating!D8 | H14: =Allocation!$B$1*$B$7/12 | I14: =(F14+E14)-(G14+H14) | J14: =IF(F14+E14>=G14+H14,"INFLECTION","-")
A15: 6 | B15: =ROUND(B14*(1+$B$3),0) | C15: =$B$4 | D15: =B15*C15 | E15: =D15-D14 | F15: =$B$5/$B$6 | G15: =Circulating!D9 | H15: =Allocation!$B$1*$B$7/12 | I15: =(F15+E15)-(G15+H15) | J15: =IF(F15+E15>=G15+H15,"INFLECTION","-")
A16: 7 | B16: =ROUND(B15*(1+$B$3),0) | C16: =$B$4 | D16: =B16*C16 | E16: =D16-D15 | F16: =$B$5/$B$6 | G16: =Circulating!D10 | H16: =Allocation!$B$1*$B$7/12 | I16: =(F16+E16)-(G16+H16) | J16: =IF(F16+E16>=G16+H16,"INFLECTION","-")
A17: 8 | B17: =ROUND(B16*(1+$B$3),0) | C17: =$B$4 | D17: =B17*C17 | E17: =D17-D16 | F17: =$B$5/$B$6 | G17: =Circulating!D11 | H17: =Allocation!$B$1*$B$7/12 | I17: =(F17+E17)-(G17+H17) | J17: =IF(F17+E17>=G17+H17,"INFLECTION","-")
A18: 9 | B18: =ROUND(B17*(1+$B$3),0) | C18: =$B$4 | D18: =B18*C18 | E18: =D18-D17 | F18: =$B$5/$B$6 | G18: =Circulating!D12 | H18: =Allocation!$B$1*$B$7/12 | I18: =(F18+E18)-(G18+H18) | J18: =IF(F18+E18>=G18+H18,"INFLECTION","-")
A19: 10 | B19: =ROUND(B18*(1+$B$3),0) | C19: =$B$4 | D19: =B19*C19 | E19: =D19-D18 | F19: =$B$5/$B$6 | G19: =Circulating!D13 | H19: =Allocation!$B$1*$B$7/12 | I19: =(F19+E19)-(G19+H19) | J19: =IF(F19+E19>=G19+H19,"INFLECTION","-")
A20: 11 | B20: =ROUND(B19*(1+$B$3),0) | C20: =$B$4 | D20: =B20*C20 | E20: =D20-D19 | F20: =$B$5/$B$6 | G20: =Circulating!D14 | H20: =Allocation!$B$1*$B$7/12 | I20: =(F20+E20)-(G20+H20) | J20: =IF(F20+E20>=G20+H20,"INFLECTION","-")
A21: 12 | B21: =ROUND(B20*(1+$B$3),0) | C21: =$B$4 | D21: =B21*C21 | E21: =D21-D20 | F21: =$B$5/$B$6 | G21: =Circulating!D15 | H21: =Allocation!$B$1*$B$7/12 | I21: =(F21+E21)-(G21+H21) | J21: =IF(F21+E21>=G21+H21,"INFLECTION","-")
A22: 13 | B22: =ROUND(B21*(1+$B$3),0) | C22: =$B$4 | D22: =B22*C22 | E22: =D22-D21 | F22: =$B$5/$B$6 | G22: =Circulating!D16 | H22: =Allocation!$B$1*$B$7/12 | I22: =(F22+E22)-(G22+H22) | J22: =IF(F22+E22>=G22+H22,"INFLECTION","-")
... A45: 36 | B45: =ROUND(B44*(1+$B$3),0) | C45: =$B$4 | D45: =B45*C45 | E45: =D45-D44 | F45: =$B$5/$B$6 | G45: =Circulating!D39 | H45: =Allocation!$B$1*$B$7/12 | I45: =(F45+E45)-(G45+H45) | J45: =IF(F45+E45>=G45+H45,"INFLECTION","-")
A47: Inflection = first month where monthly burns + newly locked tokens ≥ monthly unlocks + emissions (Chapter 4, "The Other Side of the Napkin: Demand"). A napkin, not a valuation.
